# Registry facts retrieved 2026-09-12 from registry.npmjs.org/<pkg> (packument: dist-tags, time, license, repository, peerDependencies)
# and api.npmjs.org/downloads/point/last-week/<pkg> for weekly downloads.
# Columns: package, latest version, license, latest release date, weekly downloads, repository, peerDependencies.
# Retrieved by the LEAD agent via curl. This is stored source data for cross-checking, not an independent re-fetch.
@atlaskit/pragmatic-drag-and-drop	3.1.0	Apache-2.0	2026-08-29	1022774	git+https://github.com/atlassian/pragmatic-drag-and-drop.git	{}
@automerge/automerge	3.4.1	MIT	2026-08-12		git+https://github.com/automerge/automerge.git	{}
axe-core	4.13.0	MPL-2.0	2026-08-05	51123271	https://github.com/dequelabs/axe-core.git	{}
@axe-core/playwright	4.13.0	MPL-2.0	2026-08-11	7493576	git+https://github.com/dequelabs/axe-core-npm.git	{"playwright-core":">= 1.0.0"}
chart.js	4.5.1	MIT	2025-10-13	9148533	git+https://github.com/chartjs/Chart.js.git	{}
cmdk	1.1.1	MIT	2025-03-14	29978500	git+https://github.com/pacocoursey/cmdk.git	{"react":"^18 || ^19 || ^19.0.0-rc","react-dom":"^18 || ^19 || ^19.0.0-rc"}
@conform-to/react	1.21.1	MIT	2026-08-18		https://github.com/edmundhung/conform	{"react":">=18","react-dom":">=18"}
dexie	4.4.6	Apache-2.0	2026-09-10	1660071	git+https://github.com/dexie/Dexie.js.git	{}
@dnd-kit/core	6.3.1	MIT	2024-12-05	18383456	git+https://github.com/clauderic/dnd-kit.git	{"react":">=16.8.0","react-dom":">=16.8.0"}
@dnd-kit/sortable	10.0.0	MIT	2024-12-04	17951584	git+https://github.com/clauderic/dnd-kit.git	{"react":">=16.8.0","@dnd-kit/core":"^6.3.0"}
dompurify	3.4.15	(MPL-2.0 OR Apache-2.0)	2026-09-06	47525556	git://github.com/cure53/DOMPurify.git	{}
driver.js	1.8.0	MIT	2026-07-17		git+https://github.com/nilbuild/driver.js.git	{}
echarts	6.1.0	Apache-2.0	2026-05-19	3695059	git+https://github.com/apache/echarts.git	{}
electric-sql	0.12.1	Apache-2.0	2024-06-19		git+https://github.com/electric-sql/electric.git#main	{"pg":"^8.11.3","vue":">=3.0.0","zod":"3.21.1","react":">= 16.8.0","prisma":"4.8.1","typeorm":">=0.3.0","react-dom":">= 16.8.0","wa-sqlite":"rhashimoto/wa-sqlite#semver:^0.9.8","expo-sqlite":">= 13.0.0","react-native":">= 0.68.0","embedded-postgres":"16.1.1-beta.9","@electric-sql/pglite":">= 0.1.5","@tauri-apps/plugin-sql":"2.0.0-alpha.5","@op-engineering/op-sqlite":">= 2.0.16","@capacitor-community/sqlite":">= 5.6.2"}
@electric-sql/client	1.5.28	Apache-2.0	2026-09-09		git+https://github.com/electric-sql/electric.git	{}
@electric-sql/pglite	0.5.8	Apache-2.0	2026-08-26		git+https://github.com/electric-sql/pglite.git	{}
eslint-plugin-jsx-a11y	6.10.2	MIT	2024-10-26	34371437	git+https://github.com/jsx-eslint/eslint-plugin-jsx-a11y.git	{"eslint":"^3 || ^4 || ^5 || ^6 || ^7 || ^8 || ^9"}
exifr	7.1.3	MIT	2021-08-05		git+https://github.com/MikeKovarik/exifr.git	{}
fontkit	2.0.4	MIT	2024-08-09		git://github.com/foliojs/fontkit.git	{}
@formkit/auto-animate	0.10.0	MIT	2026-07-10		git+https://github.com/formkit/auto-animate.git	{}
fuse.js	7.5.0	Apache-2.0	2026-07-13	9756715	git+https://github.com/krisk/Fuse.git	{}
glfx	0.0.4	MIT	2016-12-08		git+https://github.com/evanw/glfx.js.git	{}
harfbuzzjs	1.6.1	MIT	2026-08-31		git+https://github.com/harfbuzz/harfbuzzjs.git	{}
hotkeys-js	4.0.8	MIT	2026-09-09		git+https://github.com/jaywcjlove/hotkeys-js.git	{}
@huggingface/transformers	4.2.0	Apache-2.0	2026-04-22		git+https://github.com/huggingface/transformers.js.git	{}
hypher	0.2.5	BSD-3-Clause	2016-12-19	28473	git://github.com/bramstein/Hypher.git	{}
i18next	26.4.2	MIT	2026-09-03		git+https://github.com/i18next/i18next.git	{"typescript":"^5 || ^6 || ^7"}
idb	8.0.3	ISC	2025-05-07	18102478	git://github.com/jakearchibald/idb.git	{}
@imgly/background-removal	1.7.0	SEE LICENSE IN LICENSE.md	2025-07-18		git+https://github.com/imgly/background-removal-js.git	{"onnxruntime-web":"1.21.0"}
immer	11.1.18	MIT	2026-08-19	44731507	git+https://github.com/immerjs/immer.git	{}
@inlang/paraglide-js	2.25.2	MIT	2026-09-11		git+https://github.com/opral/paraglide-js.git	{"vite":">=5.0.0","typescript":">=5.6"}
@instantdb/react	1.0.67	Apache-2.0	2026-08-31		git+https://github.com/instantdb/instant.git	{"react":">=16"}
intro.js	8.5.0	AGPL-3.0	2026-07-21	143314	git+https://github.com/usablica/intro.js.git	{}
jazz-tools	0.20.19	MIT	2026-07-03		MISSING	{"react":"*","sharp":"^0.33.5","svelte":"^5.0.0","react-dom":"*","better-auth":"^1.4.7","expo-sqlite":"*","react-native":"*","expo-file-system":"*","expo-secure-store":"*","react-native-mmkv":"^3.3.0","react-native-passkey":"^3.0.0","expo-image-manipulator":"*","@op-engineering/op-sqlite":"*","react-native-fast-encoder":"^0.3.1","react-native-nitro-modules":"^0.26.4","@react-native-community/netinfo":"*","@bam.tech/react-native-image-resizer":"*"}
katex	0.18.7	MIT	2026-09-06	18836851	git+https://github.com/KaTeX/KaTeX.git	{}
kbar	1.0.0	MIT	2026-08-10		git+https://github.com/timc1/kbar.git	{"react":"^17.0.0 || ^18.0.0 || ^19.0.0","react-dom":"^17.0.0 || ^18.0.0 || ^19.0.0"}
knip	6.35.1	ISC	2026-09-09	10628860	git+https://github.com/webpro-nl/knip.git	{}
linebreak	1.1.0	MIT	2022-05-20		git+https://github.com/devongovett/linebreaker.git	{}
@lingui/core	6.7.0	MIT	2026-09-11		git+https://github.com/lingui/js-lingui.git	{"babel-plugin-macros":"2 || 3"}
liveblocks	1.9.0	AGPL-3.0-or-later	2026-08-10		MISSING	{}
@livestore/livestore	0.4.0	Apache-2.0	2026-06-02		git+https://github.com/livestorejs/livestore.git	{"effect":"^3.21.2","@effect/ai":"^0.35.0","@effect/cli":"^0.75.1","@effect/rpc":"^0.75.1","@effect/sql":"^0.51.1","@effect/vitest":"^0.29.0","@effect/cluster":"^0.58.2","@effect/printer":"^0.49.0","@effect/platform":"^0.96.1","@effect/typeclass":"^0.40.0","@opentelemetry/api":"^1.9.0","@effect/experimental":"^0.60.0","@effect/platform-bun":"^0.89.0","@effect/printer-ansi":"^0.49.0","@effect/opentelemetry":"^0.63.0","@effect/platform-node":"^0.106.0","@standard-schema/spec":"^1.1.0","@effect/platform-browser":"^0.76.0","@opentelemetry/resources":"^2.2.0"}
loro-crdt	1.16.1	MIT	2026-09-10		git+https://github.com/loro-dev/loro.git	{}
@mediapipe/tasks-vision	1.0.1	Apache-2.0	2026-07-31		MISSING	{}
mermaid	12.0.0	MIT	2026-09-10	12059877	git+https://github.com/mermaid-js/mermaid.git	{}
minisearch	7.2.0	MIT	2025-09-16	2054350	https://github.com/lucaong/minisearch.git	{}
motion	13.2.0	MIT	2026-09-02	15284054	git+https://github.com/motiondivision/motion.git	{"react":"^18.0.0 || ^19.0.0","react-dom":"^18.0.0 || ^19.0.0"}
msw	2.15.0	MIT	2026-07-08	15227996	git+https://github.com/mswjs/msw.git	{"typescript":">= 4.8.x"}
onnxruntime-web	1.29.0	MIT	2026-08-24		git+https://github.com/Microsoft/onnxruntime.git	{}
opentype.js	2.0.0	MIT	2026-05-06		git://github.com/opentypejs/opentype.js.git	{}
@pdf-lib/fontkit	1.1.1	MIT	2020-11-28	1548268	git://github.com/Hopding/fontkit.git	{}
pdfmake	0.3.11	MIT	2026-06-12	1810519	git://github.com/bpampuch/pdfmake.git	{}
@playwright/test	1.63.0	Apache-2.0	2026-09-04		git+https://github.com/microsoft/playwright.git	{}
@powersync/web	2.3.1	Apache-2.0	2026-09-10		https://github.com/powersync-ja/powersync-js	{"@powersync/common":"^2.2.1","@powersync/shared-internals":"^1.2.0"}
@react-aria/dnd	3.12.1	Apache-2.0	2026-05-28		git+https://github.com/adobe/react-spectrum.git	{"react":"^16.8.0 || ^17.0.0-rc.1 || ^18.0.0 || ^19.0.0-rc.1","react-dom":"^16.8.0 || ^17.0.0-rc.1 || ^18.0.0 || ^19.0.0-rc.1"}
react-data-grid	7.0.0-beta.61	MIT	2026-07-14	430904	git+https://github.com/Comcast/react-data-grid.git	{"react":"^19.2","react-dom":"^19.2"}
react-dropzone	20.1.1	MIT	2026-08-20		git+https://github.com/react-dropzone/react-dropzone.git	{"react":">= 18","@types/react":"*"}
react-easy-crop	6.2.3	MIT	2026-07-24		git+https://github.com/ValentinH/react-easy-crop.git	{"react":">=16.4.0","react-dom":">=16.4.0"}
react-hook-form	7.88.0	MIT	2026-09-11		git+https://github.com/react-hook-form/react-hook-form.git	{"react":"^16.8.0 || ^17 || ^18 || ^19"}
react-hotkeys-hook	5.3.3	MIT	2026-06-26		git+https://github.com/JohannesKlauss/react-keymap-hook.git	{"react":">=16.8.0","react-dom":">=16.8.0"}
react-hot-toast	2.6.0	MIT	2025-08-15		git+https://github.com/timolins/react-hot-toast.git	{"react":">=16","react-dom":">=16"}
react-i18next	17.0.13	MIT	2026-09-01		git+https://github.com/i18next/react-i18next.git	{"react":">= 16.8.0","i18next":">= 26.2.0","typescript":"^5 || ^6 || ^7"}
react-joyride	3.2.0	MIT	2026-07-09		git+https://github.com/gilbarbara/react-joyride.git	{"react":"16.8 - 19","react-dom":"16.8 - 19"}
@react-pdf/renderer	4.9.0	MIT	2026-08-27		git+https://github.com/diegomura/react-pdf.git	{"react":"^16.8.0 || ^17.0.0 || ^18.0.0 || ^19.0.0"}
react-spring	10.0.4	MIT	2026-05-22		git+https://github.com/pmndrs/react-spring.git	{"react":"^16.8.0 || ^17.0.0 || ^18.0.0 || ^19.0.0","react-dom":"^16.8.0 || ^17.0.0 || ^18.0.0 || ^19.0.0"}
react-window	2.3.1	MIT	2026-09-05		git+https://github.com/bvaughn/react-window.git	{"react":"^18.0.0 || ^19.0.0","react-dom":"^18.0.0 || ^19.0.0"}
react-zoom-pan-pinch	4.2.0	MIT	2026-09-03		git+https://github.com/BetterTyped/react-zoom-pan-pinch.git	{"react":"*","react-dom":"*"}
@rocicorp/zero	1.9.0	Apache-2.0	2026-08-14		git+https://github.com/rocicorp/mono.git	{}
rollup-plugin-visualizer	7.1.1	MIT	2026-08-14	5617579	git+ssh://git@github.com/btd/rollup-plugin-visualizer.git	{"rollup":"2.x || 3.x || 4.x","rolldown":"1.x || ^1.0.0-beta || ^1.0.0-rc"}
rxdb	17.5.0	Apache-2.0	2026-08-20		git+https://github.com/pubkey/rxdb.git	{"@angular/core":"*","@preact/signals-core":"*","firebase":"^12.10.0","mongodb":"^6.21.0 || ^7.0.0","nats":"^2.29.3","react":"*","rxjs":"^7.8.2","vue":"*"}
satori	0.33.4	MPL-2.0	2026-08-24	2846950	git+https://github.com/vercel/satori.git	{}
@sentry/react	10.74.0	MIT	2026-09-09	18929156	git://github.com/getsentry/sentry-javascript.git	{"react":"^16.14.0 || 17.x || 18.x || 19.x"}
sonner	2.0.8	MIT	2026-08-09	34684791	git+https://github.com/emilkowalski/sonner.git	{"react":"^18.0.0 || ^19.0.0 || ^19.0.0-rc","react-dom":"^18.0.0 || ^19.0.0 || ^19.0.0-rc","@types/react":"^18.0.0 || ^19.0.0"}
sortablejs	1.15.7	MIT	2026-02-11		git://github.com/SortableJS/Sortable.git	{}
@sqlite.org/sqlite-wasm	3.53.4-build1	Apache-2.0	2026-09-08	608780	git+https://github.com/sqlite/sqlite-wasm.git	{}
@supabase/storage-js	2.116.0	MIT	2026-09-07	20389288	https://github.com/supabase/supabase-js.git	{}
@supabase/supabase-js	2.116.0	MIT	2026-09-07	20159587	https://github.com/supabase/supabase-js.git	{"@opentelemetry/api":">=1.0.0"}
@t3-oss/env-core	0.13.11	MIT	2026-03-22	2872783	git+https://github.com/t3-oss/t3-env.git	{"arktype":"^2.1.0","typescript":">=5.0.0","valibot":"^1.0.0-beta.7 || ^1.0.0","zod":"^3.24.0 || ^4.0.0"}
@tanstack/react-query	5.102.8	MIT	2026-08-27	45429709	git+https://github.com/TanStack/query.git	{"react":"^18 || ^19"}
@tanstack/react-table	9.2.4	MIT	2026-08-28	14886108	https://github.com/TanStack/table.git	{"react":">=18"}
@tanstack/react-virtual	3.14.12	MIT	2026-09-11	17214638	git+https://github.com/TanStack/virtual.git	{"react":"^16.8.0 || ^17.0.0 || ^18.0.0 || ^19.0.0","react-dom":"^16.8.0 || ^17.0.0 || ^18.0.0 || ^19.0.0"}
tinybase	9.7.1	MIT	2026-09-11		git+https://github.com/tinyplex/tinybase.git	{"pg":"^8.23.0","ws":"^8.21.3","bun":"^1.4.0","yjs":"^13.6.32","zod":"^4.5.4","expo":"^57.0.19","react":"^19.2.8","effect":"^3.22.1","svelte":"^5.57.0","arktype":"^2.2.3","sqlite3":"^6.0.1","valibot":"^1.4.2","partykit":"^0.0.115","postgres":"^3.4.9","solid-js":"^1.9.15","react-dom":"^19.2.8","expo-sqlite":"^57.0.2","partysocket":"^1.3.0","electric-sql":"^0.12.1","@libsql/client":"^0.17.4","better-sqlite3":"^13.0.3","@powersync/common":"^2.2.0","@sinclair/typebox":"^0.34.52","react-native-mmkv":"^4.3.2","@electric-sql/pglite":"^0.5.8","@supabase/supabase-js":"^2.114.0","@vlcn.io/crsqlite-wasm":"^0.16.0","@sqlite.org/sqlite-wasm":"^3.53.0-build1","@automerge/automerge-repo":"^2.5.6","@cloudflare/workers-types":"^5.20260902.1","@capacitor-community/sqlite":"^8.1.1","react-native-sqlite-storage":"^6.0.1"}
@total-typescript/ts-reset	0.6.1	MIT	2024-09-02	906466	git+https://github.com/total-typescript/ts-reset.git	{}
@triplit/client	1.0.50	AGPL-3.0-only	2025-07-31	108966		{}
typesafe-i18n	5.27.1	MIT	2026-02-11		git+https://github.com/codingcommons/typesafe-i18n.git	{"typescript":">=3.5.1"}
uppy	6.0.1	MIT	2026-09-07		git+https://github.com/transloadit/uppy.git	{}
valibot	1.5.0	MIT	2026-09-09		git+https://github.com/open-circle/valibot.git	{"typescript":">=5"}
virtua	0.51.3	MIT	2026-09-11		git+https://github.com/inokawa/virtua.git	{"vue":">=3.2","react":">=16.14.0","svelte":">=5.0","solid-js":">=1.0","react-dom":">=16.14.0","@angular/core":">=20.0.0","@angular/common":">=20.0.0"}
vite-plugin-pwa	1.3.0	MIT	2026-05-05	3392623	git+https://github.com/vite-pwa/vite-plugin-pwa.git	{"@vite-pwa/assets-generator":"^1.0.0","vite":"^3.1.0 || ^4.0.0 || ^5.0.0 || ^6.0.0 || ^7.0.0 || ^8.0.0","workbox-build":"^7.4.1","workbox-window":"^7.4.1"}
@vitest/browser	5.0.0	MIT	2026-09-03	8869460	git+https://github.com/vitest-dev/vitest.git	{"vitest":"5.0.0"}
@vitest/coverage-v8	5.0.0	MIT	2026-09-03	29350019	git+https://github.com/vitest-dev/vitest.git	{"vitest":"5.0.0","@vitest/browser":"5.0.0"}
wasm-vips	0.0.18	MIT	2026-06-09		git+https://github.com/kleisauke/wasm-vips.git	{}
wa-sqlite	1.0.0	MISSING	2024-01-05	10025	MISSING	{}
web-vitals	6.2.1	Apache-2.0	2026-08-26		git+https://github.com/GoogleChrome/web-vitals.git	{}
workbox-window	7.4.1	MIT	2026-05-04	6485065	git+https://github.com/googlechrome/workbox.git	{}
yjs	13.6.32	MIT	2026-08-04		git+https://github.com/yjs/yjs.git	{}
zod	4.6.2	MIT	2026-09-10		git+https://github.com/colinhacks/zod.git	{}
zundo	2.3.0	MIT	2024-11-17	346113	git+https://github.com/charkour/zundo.git	{"zustand":"^4.3.0 || ^5.0.0"}
